Page,Title,URL,Publisher,Link
1,Cora - Episode 16 (Doberman),https://pornotorrent.top/3179964-t.html,pron4k,magnet:?xt=urn:btih:45acd896e38be11afa83a0f7da3ff1d16ab2037f
1,eng,https://pornotorrent.top/3179579-t.html,pron4k,magnet:?xt=urn:btih:5f7bc059b127126d151fe6de99facabd3da0a330
1,Raider Queen & Picking Herbs (Dream Forge),https://pornotorrent.top/3179356-t.html,pron4k,magnet:?xt=urn:btih:f0c5bc15cc75830780c53aa08603ecb15d8eea31
1,ULTPHI 04 LIGHT WARRIORS (ATD,https://pornotorrent.top/3179354-t.html,pron4k,magnet:?xt=urn:btih:d71a8802b10206cb668467f0588a47b18519fc83
1,Collection of works by YeYeBirdie (Part 2),https://pornotorrent.top/3179329-t.html,pron4k,magnet:?xt=urn:btih:e4b0d4efda91ee4c188bbc8799a429b8d5506edf
1,Vigilante Vixens Strikeforce Femme Fatales (X3D),https://pornotorrent.top/3179319-t.html,pron4k,magnet:?xt=urn:btih:d624cd98930ecb46f8c20e606ad1821c020f6c1c
1,"War Prisoner, The End of the Female Mercenary 1 & 2",https://pornotorrent.top/3179300-t.html,pron4k,magnet:?xt=urn:btih:f542011178f892724826244efbcde2d73615428e
1,Vigilante Vixens Strikeforce Femme Fatales (X3D),https://pornotorrent.top/3179293-t.html,pron4k,magnet:?xt=urn:btih:a84f420ca30f7956225370e9b1d8f124461e1feb
1,POV Frenzy 5 (Nick Cockman),https://pornotorrent.top/3179045-t.html,pron4k,magnet:?xt=urn:btih:d3e8ea55b236c51c296b2f2c6c89752f00ed5175
1,Wet - Prequel (FaTerGD),https://pornotorrent.top/3179044-t.html,pron4k,magnet:?xt=urn:btih:82e46443e2c1d2e25ac79b672185a54866fa747d
1,Meredith & V Sweet Sins in the Suite (RadRoachHD),https://pornotorrent.top/3179043-t.html,pron4k,magnet:?xt=urn:btih:4da0c56dce0d38941903b9b2e500c8aa7f034d10
1,COMIC Kaien,https://pornotorrent.top/3179020-t.html,pron4k,magnet:?xt=urn:btih:40715c7ef9086a153f5046834e2f9fd5a40b4a2d
1,Collection of works by YeYeBirdie (Part 1),https://pornotorrent.top/3179019-t.html,pron4k,magnet:?xt=urn:btih:8780428946fde640323a304762cd5eb58aa87607
1,"[ART] Collection Abmayo / Коллекция арт работ автора Abmayo (Abmayo, Bluesky | FANBOX | Pixiv | Twitter [X]) [Anal Play, Assjob, BDSM, Big Ass, Big Cock, Big Tits, Blowjob, Bondage, Cartoon, Cumshot, Creampie, Dildo, Deep Throat, Doggystyle, Domination, Facial, Fetish, Futa, Furry, Fingering, Foot Fetish, Footjob, Lingerie, Masturbation, Panties, Pantyhose, Pissing, POV, Slide, Solo, Squirt, Straight, Titfuck, Toys] [PNG, JPG, GIF]",https://pornotorrent.top/3178676-t.html,pron4k,magnet:?xt=urn:btih:7d43c153eda6cdf8cbd5e1d781babe58989fbb09
1,Collection of works by Japs8005,https://pornotorrent.top/3178609-t.html,pron4k,magnet:?xt=urn:btih:c99e0cebd8fb22181f20513a4c5be6f20cf7e335
1,"[ART] Vivid Works After Dark / Работы студии Vivid Works (vividafterdark.com) [AI, Fantasy, Horror, Post Apocalypse, Zombie, Vampire, Demon, Alien, Big Tits, Superhero, Erotic] [JPG]",https://pornotorrent.top/3178568-t.html,pron4k,magnet:?xt=urn:btih:746155ababecb77ba6343e70e3c0ff0da63ca748
1,Towako Oboro Emaki,https://pornotorrent.top/3178436-t.html,pron4k,magnet:?xt=urn:btih:110e6a35927fc18a2f7622f32a4613d376c6cdae
1,Towako,https://pornotorrent.top/3178405-t.html,pron4k,magnet:?xt=urn:btih:92ee9bf1e092209454717e9d055e1aa16950e7f9
1,Slave Wars - Episode 3 (DarkLust),https://pornotorrent.top/3178367-t.html,pron4k,magnet:?xt=urn:btih:cd5f42b806502a9bf234aa911d9941e1c210728f
1,Drop Out,https://pornotorrent.top/3053277-t.html,pron4k,magnet:?xt=urn:btih:8d26b97c0ea4b947992696fea9cbcfb145d72882
1,Sleepless Nocturne The Animation,https://pornotorrent.top/3053228-t.html,pron4k,magnet:?xt=urn:btih:45b0762f883dbe2e1fcad6dffac04c03f437c835
1,Shunka Shuutou,https://pornotorrent.top/3053212-t.html,pron4k,magnet:?xt=urn:btih:e1dd1b50d66613fffc7de8422e70046761f9a504
1,"[ART] Yonkha Artwork collection / Коллекция работ автора Yonkha (Yonkha, boosty.to/yonkha) [Lesbian, Bisexual, Straight, Futanari, Femdom, Oral, Anal, Creampie, Sex Toys, Bondage, Succubus, Rape, Monster, BDSM, Group Sex, Xenophilia] [PNG] [rus]",https://pornotorrent.top/3052367-t.html,pron4k,magnet:?xt=urn:btih:73675257cad33e701ec76acbab28fb7ba0df1f59
1,"[ART] Ynorka Artwork collection / Коллекция работ автора Ynorka (Ynorka, www.patreon.com/ynorka) [Erotic/Ecchi, Lesbian, Straight, Bisexual, Bondage, Femdom, PinUp, Lingerie, Kink, Fantasy, Sci-Fi] [JPG] [eng]",https://pornotorrent.top/3052361-t.html,pron4k,magnet:?xt=urn:btih:57bc5c5b760ca1caa0e4e491dab0f5a7030c1da8
1,Heroic Princess Miria,https://pornotorrent.top/3051969-t.html,pron4k,magnet:?xt=urn:btih:affaf0b68ae25a9e3e6090e89a135393e7969bf5
1,So low,https://pornotorrent.top/3051960-t.html,pron4k,magnet:?xt=urn:btih:f2feaa80f222d4bb91d153e427bf54a275063066
1,"[ART/PSD] Vader-San PSD Collection / Коллекция PSD Vader-San (Vader-San) [Furry, Yiff, Anal, Oral, Solo, Yuri, Yaoi, Futanari, Big Ass, Big Cock, Big Tits] [PSD] [eng]",https://pornotorrent.top/3051627-t.html,pron4k,magnet:?xt=urn:btih:4ba255d1444a87d143312c834e10ce259f46a646
1,users,https://pornotorrent.top/3051301-t.html,pron4k,magnet:?xt=urn:btih:5e4ada68cadbc46096de0ec4ef5651ba91ddd2b4
1,"[ART] Duski Loveless Artwork collection / Коллекция работ автора Duski Loveless (Duski Loveless, www.patreon.com/duskiloveless) [Lesbian, Bisexual, Gay, Straight, Femdom, Rape, Group, Futanari, Crossdressing, Oral, Anal, Creampie, Sex Toys, Bondage, Makeup, Succubus,] [JPG] [eng]",https://pornotorrent.top/3051277-t.html,pron4k,magnet:?xt=urn:btih:86d06a50bd08ec3eae2685826107d5d95250b5ba
1,"[ART] SashaKHMEL Artwork Collection / Коллекция работ автора SashaKHMEL (SashaKHMEL, www.patreon.com/SashaKHMEL) [Lesbian, Gay, Bisexual, Straight, Monster, Xenophilia, Futanari, Tentacles, Femdom, Maledom, Oral, Anal, Sex Toys, Bondage, Rape, BDSM, Group Sex] [PNG] [eng]",https://pornotorrent.top/3050785-t.html,pron4k,magnet:?xt=urn:btih:01e15c8a6a326882540e3d26c6f160e70c57a5e6
1,"[ART] Berseria Artwork collection / Коллекция работ автора Berseria (Berseria, boosty.to/berseria) [Erotic/Ecchi, Lesbian, Futanari, Bondage, Femdom, PinUp, Lingerie, Kink, Fantasy] [PNG] [eng]",https://pornotorrent.top/3050761-t.html,pron4k,magnet:?xt=urn:btih:07a8ecb26a3432afe15c734973bdb68a61ab133a
1,"[ART] Ajfantasy Artwork collection / Коллекция работ автора Ajfantasy (Ajfantasy, twitter.com/ajfantasy ) [Gay, Bisexual, Lesbian, Straight, Femboy, Futanari, Oral, Anal, Creampie, Sex Toys, Bondage, Rape, Monster, Tentacles, BDSM, Kink, Group Sex, Fantasy, Vampire] [JPG] [eng]",https://pornotorrent.top/3050755-t.html,pron4k,magnet:?xt=urn:btih:9f694e3ad55cc070bc14f99d67dc9ba87ec49389
1,Ane Jiyoku Tsukushi: Nee-san no Shitagi,https://pornotorrent.top/3050222-t.html,pron4k,magnet:?xt=urn:btih:0bb26e80b77402abf60058a1028748e2d1456fed
1,Slime Living Together,https://pornotorrent.top/3050198-t.html,pron4k,magnet:?xt=urn:btih:2fc805b1d8ba00d29ef86366dae07ebfb4ebbce7
1,Mahou Touki Lilustear,https://pornotorrent.top/3050193-t.html,pron4k,magnet:?xt=urn:btih:57c15c4a38eee2387fdcf961185258687591984a
1,Sweet and Hot,https://pornotorrent.top/3050191-t.html,pron4k,magnet:?xt=urn:btih:3406369bc2c24909ff338e7f4516e4e99f4b9fae
1,Night Tail,https://pornotorrent.top/3050184-t.html,pron4k,magnet:?xt=urn:btih:074c44a1d3ebe8de840789c47b4f82a9b4ff0998
1,Kozukuri Ninkatsu Bu!,https://pornotorrent.top/3050179-t.html,pron4k,magnet:?xt=urn:btih:a47060a5840208549b31716638c54805cc848fc4
1,Hatsukoi Time.,https://pornotorrent.top/3050178-t.html,pron4k,magnet:?xt=urn:btih:10b144717aa94808f65deb4120ff69e65d60577d
1,Tonari no Ie no Anette-san The Animation,https://pornotorrent.top/3050162-t.html,pron4k,magnet:?xt=urn:btih:0f2434cb7dd895d15945bfef3156f4d9e3444834
1,"Ryona, Blood, Submission, Dark Skin",https://pornotorrent.top/3050122-t.html,pron4k,magnet:?xt=urn:btih:21d62c523936f7b1578d484d276ac85155944e90
1,Comix,https://pornotorrent.top/3050024-t.html,pron4k,magnet:?xt=urn:btih:d5cb8a155b8b768e7116b94eed3d3da84bf4b519
1,2,https://pornotorrent.top/3049940-t.html,pron4k,magnet:?xt=urn:btih:b713115bb5b47d6b8046a3fb6609c80d5d52d591
1,"Girls Love, Internal Cumshot, Blowjob",https://pornotorrent.top/3049927-t.html,pron4k,magnet:?xt=urn:btih:3c36166b657fd0b865a6ec45a046c396e9395e4e
1,Futanari Girl Doesn t Turn Around (ari1192jp,https://pornotorrent.top/3049925-t.html,pron4k,magnet:?xt=urn:btih:2b52ec232d7e79b8df621791d4c3bc825129303c
